[{"numero_de_cuenta": 1221, "al_corriente": false, "carrera": "Arquitectura", "nombre": "Pedro", "primer_apellido": "Solis", "promedio": 7.8, "semestre": 3, "segundo_apellido": "Cabañas"}, {"numero_de_cuenta": 1222, "al_corriente": false, "carrera": "Actuaría", "nombre": "Yolanda", "primer_apellido": "Jiménez", "segundo_apellido": "Lerdo", "promedio": 6, "semestre": 3}, {"numero_de_cuenta": 1223, "al_corriente": true, "carrera": "Sistemas", "nombre": "Juan", "primer_apellido": "Ramos", "segundo_apellido": "Breña", "promedio": 8.6, "semestre": 9}, {"numero_de_cuenta": 1224, "al_corriente": true, "carrera": "Derecho", "nombre": "Mayra Jimena", "primer_apellido": "Cervantes", "segundo_apellido": "Lisama", "promedio": 9.2, "semestre": 12}]
